<?xml version="1.0"?>
<Index Version="1" Minor="0">
	<Repository value="c:/Users/ticro/xilinx_proyects/ip_repo/axi_dht22_1_0">
	</Repository>
	<IP>
		<VLNV value="xilinx.com:user:axi_dht22:1.0">
		</VLNV>
		<DisplayName value="axi_dht22_v1.0">
		</DisplayName>
		<Description value="axi driver dht22">
		</Description>
		<CoreRevision value="15">
		</CoreRevision>
		<ComponentPath value="component.xml">
		</ComponentPath>
		<Families>
			<Family name="zynq">
				<Part status="Pre-Production" name="ALL">
				</Part>
			</Family>
		</Families>
		<Taxonomies>
			<Taxonomy value="AXI_Peripheral">
			</Taxonomy>
		</Taxonomies>
		<Interfaces>
			<Interface value="AXI4">
			</Interface>
		</Interfaces>
	</IP>
	<IP>
		<VLNV value="xilinx.com:user:axi_dht22:1.0">
		</VLNV>
		<DisplayName value="axi_dht22_v1.0">
		</DisplayName>
		<Description value="axi driver dht22">
		</Description>
		<CoreRevision value="22">
		</CoreRevision>
		<ComponentPath value="axi_dht22_1_0/component.xml">
		</ComponentPath>
		<Families>
			<Family name="zynq">
				<Part status="Pre-Production" name="ALL">
				</Part>
			</Family>
		</Families>
		<Taxonomies>
			<Taxonomy value="AXI_Peripheral">
			</Taxonomy>
		</Taxonomies>
		<Interfaces>
			<Interface value="AXI4">
			</Interface>
		</Interfaces>
	</IP>
</Index>

